sym,strategy,contract,fold,train_start,train_end,test_start,test_end,best_params,is_sharpe,is_return_pct,is_trades,oos_sharpe,oos_return_pct,oos_max_dd_pct,oos_trades
hc,DoubleMa/HC,hc_continuous_adj15.SHFE,1,2014-03-21,2016-02-19,2016-02-19,2016-10-26,"{'fast_window': 10, 'slow_window': 60}",1.3602083956008895,1.035566500000007,13,-0.3168523502157649,-0.1154769,-0.505798678261761,5
hc,DoubleMa/HC,hc_continuous_adj15.SHFE,2,2014-11-26,2016-10-26,2016-10-26,2017-07-03,"{'fast_window': 20, 'slow_window': 100}",0.6321734272798003,0.680700699999992,5,0.0,0.0,0.0,0
hc,DoubleMa/HC,hc_continuous_adj15.SHFE,3,2015-08-03,2017-07-03,2017-07-03,2018-03-10,"{'fast_window': 20, 'slow_window': 40}",0.8050475343109281,1.327978299999999,15,-0.8120916044569708,-0.42861210000000316,-0.49308094124055357,7
hc,DoubleMa/HC,hc_continuous_adj15.SHFE,4,2016-04-09,2018-03-10,2018-03-10,2018-11-15,"{'fast_window': 20, 'slow_window': 40}",0.7813315529536092,1.5652827000000036,21,1.5764866170533511,0.3897599000000085,-0.10584889023015631,1
hc,DoubleMa/HC,hc_continuous_adj15.SHFE,5,2016-12-15,2018-11-15,2018-11-15,2019-07-23,"{'fast_window': 10, 'slow_window': 40}",1.0937876811779823,1.9283401000000033,17,-1.094225732638202,-0.2197287999999964,-0.4068666584037746,3
hc,DoubleMa/HC,hc_continuous_adj15.SHFE,6,2017-08-22,2019-07-23,2019-07-23,2020-03-29,"{'fast_window': 10, 'slow_window': 40}",0.9790137901229639,1.3931606000000096,17,-0.9600079283023473,-0.3671372999999978,-0.7307565751160711,9
hc,DoubleMa/HC,hc_continuous_adj15.SHFE,7,2018-04-29,2020-03-29,2020-03-29,2020-12-04,"{'fast_window': 20, 'slow_window': 60}",0.6447003379693876,0.7619221999999981,9,0.7363084820124619,0.14806199999999325,-0.23029740000000457,3
hc,DoubleMa/HC,hc_continuous_adj15.SHFE,8,2019-01-04,2020-12-04,2020-12-04,2021-08-11,"{'fast_window': 10, 'slow_window': 100}",0.5791213731284184,0.563320299999992,11,0.0,0.0,0.0,0
hc,DoubleMa/HC,hc_continuous_adj15.SHFE,9,2019-09-11,2021-08-11,2021-08-11,2022-04-18,"{'fast_window': 10, 'slow_window': 60}",0.8006507207266581,1.6249796999999955,11,0.8511440445987847,0.4675524000000042,-0.4452060984442666,1
hc,DoubleMa/HC,hc_continuous_adj15.SHFE,10,2020-05-18,2022-04-18,2022-04-18,2022-12-24,"{'fast_window': 20, 'slow_window': 60}",0.6475040104407018,1.667070599999998,11,-0.5303485529415486,-0.15785539999999543,-0.4227172097955566,5
hc,DoubleMa/HC,hc_continuous_adj15.SHFE,11,2021-01-23,2022-12-24,2022-12-24,2023-08-31,"{'fast_window': 10, 'slow_window': 60}",0.23335493341828917,0.5582640999999944,19,0.5835945612939488,0.23482759999999825,-0.37791100311349834,3
hc,DoubleMa/HC,hc_continuous_adj15.SHFE,12,2021-09-30,2023-08-31,2023-08-31,2024-05-07,"{'fast_window': 20, 'slow_window': 40}",1.1261708829310235,2.001585099999992,19,1.0440057758111772,0.23781549999999374,-0.28644195176590526,3
hc,DoubleMa/HC,hc_continuous_adj15.SHFE,13,2022-06-07,2024-05-07,2024-05-07,2025-01-12,"{'fast_window': 20, 'slow_window': 40}",0.6700614982559823,0.7949575000000042,21,0.18277034458506497,0.04494090000000117,-0.23861733270853927,3
hc,DoubleMa/HC,hc_continuous_adj15.SHFE,14,2023-02-12,2025-01-12,2025-01-12,2025-09-19,"{'fast_window': 20, 'slow_window': 40}",0.4648432234845368,0.4882704999999987,15,0.01810537074263272,0.00401059999999287,-0.2729822332470258,3
au,DoubleMa/AU,au_continuous_adj15.SHFE,1,2008-01-09,2009-12-09,2009-12-09,2010-08-16,"{'fast_window': 10, 'slow_window': 100}",0.7251795493695395,6.383032749999917,9,-0.9298726093948523,-0.6865804000000031,-1.223352065101235,1
au,DoubleMa/AU,au_continuous_adj15.SHFE,2,2008-09-15,2010-08-16,2010-08-16,2011-04-23,"{'fast_window': 30, 'slow_window': 40}",0.9000087949436606,7.037218199999717,23,0.9288502967068957,1.315669099999961,-1.938516700764972,3
au,DoubleMa/AU,au_continuous_adj15.SHFE,3,2009-05-23,2011-04-23,2011-04-23,2011-12-29,"{'fast_window': 30, 'slow_window': 40}",1.4996432861448599,11.701565599999885,21,0.07732845348254126,0.21227009999997826,-3.5313047711848378,5
au,DoubleMa/AU,au_continuous_adj15.SHFE,4,2010-01-28,2011-12-29,2011-12-29,2012-09-04,"{'fast_window': 20, 'slow_window': 100}",0.9336964614750576,9.321083750000003,9,2.0447228459932325,1.8981252999999976,-0.320098884986947,1
au,DoubleMa/AU,au_continuous_adj15.SHFE,5,2010-10-05,2012-09-04,2012-09-04,2013-05-12,"{'fast_window': 20, 'slow_window': 40}",0.6193984055804103,6.776051100000102,23,0.5565522340838267,1.7963136999999962,-2.7626397462518093,3
au,DoubleMa/AU,au_continuous_adj15.SHFE,6,2011-06-12,2013-05-12,2013-05-12,2014-01-17,"{'fast_window': 30, 'slow_window': 60}",0.7590379119078124,7.59760124999993,9,-0.11176148029306764,-0.23568060000001,-2.9218114020555115,3
au,DoubleMa/AU,au_continuous_adj15.SHFE,7,2012-02-17,2014-01-17,2014-01-17,2014-09-24,"{'fast_window': 20, 'slow_window': 60}",1.2425338275381543,10.643721299999909,13,0.8210325178844817,0.8594266500000503,-1.1748721992067939,3
au,DoubleMa/AU,au_continuous_adj15.SHFE,8,2012-10-24,2014-09-24,2014-09-24,2015-06-01,"{'fast_window': 10, 'slow_window': 40}",1.2083613940032363,9.875342699999944,23,0.617009953282063,0.860837850000018,-1.429048233564848,7
au,DoubleMa/AU,au_continuous_adj15.SHFE,9,2013-07-01,2015-06-01,2015-06-01,2016-02-06,"{'fast_window': 10, 'slow_window': 40}",0.6518701762647815,4.204864850000045,23,0.7679281977309221,1.3358801000000309,-1.5124180196902137,5
au,DoubleMa/AU,au_continuous_adj15.SHFE,10,2014-03-08,2016-02-06,2016-02-06,2016-10-13,"{'fast_window': 10, 'slow_window': 40}",0.5014365593607788,3.1814263000000897,23,-0.08734933630537955,-0.2180901000000124,-4.301311627106235,11
au,DoubleMa/AU,au_continuous_adj15.SHFE,11,2014-11-13,2016-10-13,2016-10-13,2017-06-20,"{'fast_window': 10, 'slow_window': 40}",0.2916621193317939,1.9605592500000713,29,-1.1069962234312982,-1.5435831000000455,-2.567958234009442,9
au,DoubleMa/AU,au_continuous_adj15.SHFE,12,2015-07-21,2017-06-20,2017-06-20,2018-02-25,"{'fast_window': 20, 'slow_window': 100}",0.5172271017717326,3.115008899999938,5,-2.529857621852095,-2.0754181500000524,-2.37926477605098,7
au,DoubleMa/AU,au_continuous_adj15.SHFE,13,2016-03-27,2018-02-25,2018-02-25,2018-11-02,"{'fast_window': 30, 'slow_window': 60}",0.406909902337118,1.852519800000052,15,-0.265797940939525,-0.06860620000003204,-0.3591330750231449,1
au,DoubleMa/AU,au_continuous_adj15.SHFE,14,2016-12-02,2018-11-02,2018-11-02,2019-07-10,"{'fast_window': 30, 'slow_window': 60}",-0.0781675107255394,-0.25336509999998036,15,0.16440354708032204,0.2939576499999985,-1.7008772420094094,3
au,DoubleMa/AU,au_continuous_adj15.SHFE,15,2017-08-09,2019-07-10,2019-07-10,2020-03-16,"{'fast_window': 10, 'slow_window': 100}",0.8222316235852304,3.349570550000003,7,-0.41947297975638026,-1.1199822000000248,-3.1841141201853365,1
au,DoubleMa/AU,au_continuous_adj15.SHFE,16,2018-04-16,2020-03-16,2020-03-16,2020-11-21,"{'fast_window': 20, 'slow_window': 40}",1.2214637175237237,9.219780600000082,13,1.279470705972713,2.4137480000000267,-1.3179862723100064,1
au,DoubleMa/AU,au_continuous_adj15.SHFE,17,2018-12-22,2020-11-21,2020-11-21,2021-07-29,"{'fast_window': 20, 'slow_window': 40}",1.4196812254315605,15.386730800000192,13,0.2970525934008741,0.8457404999999252,-3.215501193798856,5
au,DoubleMa/AU,au_continuous_adj15.SHFE,18,2019-08-29,2021-07-29,2021-07-29,2022-04-05,"{'fast_window': 20, 'slow_window': 40}",0.7923555964293723,8.784803299999977,15,0.22093907073878458,0.6338876999999687,-2.6170064719030384,5
au,DoubleMa/AU,au_continuous_adj15.SHFE,19,2020-05-05,2022-04-05,2022-04-05,2022-12-11,"{'fast_window': 30, 'slow_window': 40}",0.31623761606462075,2.7148262000000534,23,-1.2732344532278428,-1.8882532000000007,-2.5550878802034505,3
au,DoubleMa/AU,au_continuous_adj15.SHFE,20,2021-01-10,2022-12-11,2022-12-11,2023-08-18,"{'fast_window': 30, 'slow_window': 60}",0.3014990409687833,2.3971534999999156,13,-0.7366354984242527,-0.8289557000000336,-1.410450694839707,3
au,DoubleMa/AU,au_continuous_adj15.SHFE,21,2021-09-17,2023-08-18,2023-08-18,2024-04-24,"{'fast_window': 30, 'slow_window': 60}",0.8607347689218253,6.638235299999917,11,0.0,0.0,0.0,0
au,DoubleMa/AU,au_continuous_adj15.SHFE,22,2022-05-25,2024-04-24,2024-04-24,2024-12-30,"{'fast_window': 30, 'slow_window': 60}",1.662203835945451,13.362666199999929,5,-1.2969173553590445,-0.8033426999999982,-0.8033427000000025,3
au,DoubleMa/AU,au_continuous_adj15.SHFE,23,2023-01-30,2024-12-30,2024-12-30,2025-09-06,"{'fast_window': 20, 'slow_window': 60}",1.1438939191680861,12.585598599999926,7,-1.5229611643809242,-4.2954567,-5.1945524102909335,5
au,DoubleMa/AU,au_continuous_adj15.SHFE,24,2023-10-07,2025-09-06,2025-09-06,2026-05-14,"{'fast_window': 20, 'slow_window': 40}",1.7309820265515683,29.764704899999984,25,-0.738842191585007,-4.986899,-8.226899,1
cu,DoubleMa/CU,cu_continuous_adj15.SHFE,1,2005-01-04,2006-12-05,2006-12-05,2007-08-12,"{'fast_window': 20, 'slow_window': 60}",0.7691788751523322,11.125889749999995,9,-0.5037920959265149,-1.6694922499999931,-4.740200692217797,3
cu,DoubleMa/CU,cu_continuous_adj15.SHFE,2,2005-09-11,2007-08-12,2007-08-12,2008-04-18,"{'fast_window': 10, 'slow_window': 40}",0.5934194569464036,10.890636749999993,19,1.5013523763260015,6.040790499999993,-3.289419319511407,3
cu,DoubleMa/CU,cu_continuous_adj15.SHFE,3,2006-05-19,2008-04-18,2008-04-18,2008-12-24,"{'fast_window': 10, 'slow_window': 40}",0.8082034261535045,13.400200750000014,21,3.685473331692925,17.575899000000007,-2.077865179400856,3
cu,DoubleMa/CU,cu_continuous_adj15.SHFE,4,2007-01-24,2008-12-24,2008-12-24,2009-08-31,"{'fast_window': 20, 'slow_window': 40}",1.6867113521027657,25.105971999999998,17,0.0,0.0,0.0,0
cu,DoubleMa/CU,cu_continuous_adj15.SHFE,5,2007-10-01,2009-08-31,2009-08-31,2010-05-08,"{'fast_window': 20, 'slow_window': 40}",2.4210774892524642,33.519314999999985,9,-1.0661188788088762,-3.023760750000004,-3.3961877499999944,3
cu,DoubleMa/CU,cu_continuous_adj15.SHFE,6,2008-06-07,2010-05-08,2010-05-08,2011-01-13,"{'fast_window': 30, 'slow_window': 40}",1.2615875647391377,14.176952999999992,17,1.8799061000948063,7.653746249999993,-2.396263056290645,1
cu,DoubleMa/CU,cu_continuous_adj15.SHFE,7,2009-02-12,2011-01-13,2011-01-13,2011-09-20,"{'fast_window': 10, 'slow_window': 40}",1.1890695259213055,15.823016,15,0.33141973690267423,0.8954189999999862,-3.6350041589453,3
cu,DoubleMa/CU,cu_continuous_adj15.SHFE,8,2009-10-20,2011-09-20,2011-09-20,2012-05-27,"{'fast_window': 10, 'slow_window': 40}",1.0442974971157895,13.041705499999988,13,-0.8278133780089645,-2.394233000000001,-4.929167534627731,7
cu,DoubleMa/CU,cu_continuous_adj15.SHFE,9,2010-06-27,2012-05-27,2012-05-27,2013-02-01,"{'fast_window': 20, 'slow_window': 60}",0.361949435439785,3.8819605000000035,9,0.9869336135977577,1.036122500000003,-1.1939407238503927,3
cu,DoubleMa/CU,cu_continuous_adj15.SHFE,10,2011-03-04,2013-02-01,2013-02-01,2013-10-09,"{'fast_window': 10, 'slow_window': 60}",0.48948907356596744,5.147336250000012,13,-0.2397762703988444,-0.22624675000000316,-1.0843208343894581,1
cu,DoubleMa/CU,cu_continuous_adj15.SHFE,11,2011-11-09,2013-10-09,2013-10-09,2014-06-16,"{'fast_window': 10, 'slow_window': 60}",0.3437708038869372,2.5408712499999986,11,0.6548233384622495,1.3987812499999919,-2.437283915467595,1
cu,DoubleMa/CU,cu_continuous_adj15.SHFE,12,2012-07-16,2014-06-16,2014-06-16,2015-02-21,"{'fast_window': 20, 'slow_window': 100}",0.24299321528631895,1.6565912499999946,11,0.0,0.0,0.0,0
cu,DoubleMa/CU,cu_continuous_adj15.SHFE,13,2013-03-23,2015-02-21,2015-02-21,2015-10-29,"{'fast_window': 30, 'slow_window': 60}",0.7965402512843068,4.876710250000005,11,0.5738933869292978,1.280285499999989,-1.5102053002898328,5
cu,DoubleMa/CU,cu_continuous_adj15.SHFE,14,2013-11-28,2015-10-29,2015-10-29,2016-07-05,"{'fast_window': 30, 'slow_window': 40}",0.7023057462267344,4.951274499999991,13,1.5307231026591124,2.6389610000000063,-1.302796150947173,7
cu,DoubleMa/CU,cu_continuous_adj15.SHFE,15,2014-08-05,2016-07-05,2016-07-05,2017-03-12,"{'fast_window': 30, 'slow_window': 40}",0.5641591544079824,3.3445932500000053,17,1.0034476996932753,3.389594500000004,-2.6189962844502235,5
cu,DoubleMa/CU,cu_continuous_adj15.SHFE,16,2015-04-12,2017-03-12,2017-03-12,2017-11-17,"{'fast_window': 30, 'slow_window': 40}",0.6606895558945072,4.855608499999997,21,1.6090348008111135,3.5536412499999948,-1.9234694377971646,5
cu,DoubleMa/CU,cu_continuous_adj15.SHFE,17,2015-12-18,2017-11-17,2017-11-17,2018-07-25,"{'fast_window': 30, 'slow_window': 40}",1.1283003602314894,8.669675750000017,19,-0.6207383877874622,-1.3960057499999956,-3.1787989718839547,5
cu,DoubleMa/CU,cu_continuous_adj15.SHFE,18,2016-08-24,2018-07-25,2018-07-25,2019-04-01,"{'fast_window': 10, 'slow_window': 60}",0.0749425427063194,0.46652325000000605,11,0.0013469928495674095,0.0014682500000029464,-1.4459558627529556,3
cu,DoubleMa/CU,cu_continuous_adj15.SHFE,19,2017-05-01,2019-04-01,2019-04-01,2019-12-07,"{'fast_window': 10, 'slow_window': 60}",-0.43806436685026506,-2.413588499999997,11,-1.5373935427946017,-1.274715500000001,-1.5125398742901772,13
cu,DoubleMa/CU,cu_continuous_adj15.SHFE,20,2018-01-06,2019-12-07,2019-12-07,2020-08-13,"{'fast_window': 20, 'slow_window': 60}",-0.41406300833317755,-2.0498540000000065,17,2.0137837419150175,3.7439795000000053,-1.5086763716375033,1
cu,DoubleMa/CU,cu_continuous_adj15.SHFE,21,2018-09-13,2020-08-13,2020-08-13,2021-04-20,"{'fast_window': 30, 'slow_window': 40}",0.6259966867220873,3.9213355000000005,21,1.959999944424774,6.635512500000007,-2.328712002829652,3
cu,DoubleMa/CU,cu_continuous_adj15.SHFE,22,2019-05-21,2021-04-20,2021-04-20,2021-12-26,"{'fast_window': 30, 'slow_window': 40}",1.2063263468339718,10.410228999999994,25,-0.06462502508500391,-0.21992175000000724,-3.45666880439977,9
cu,DoubleMa/CU,cu_continuous_adj15.SHFE,23,2020-01-26,2021-12-26,2021-12-26,2022-09-02,"{'fast_window': 20, 'slow_window': 60}",0.9899091063426946,10.434287000000019,11,1.2173300061167827,4.15520625000001,-4.702544908837551,3
cu,DoubleMa/CU,cu_continuous_adj15.SHFE,24,2020-10-02,2022-09-02,2022-09-02,2023-05-10,"{'fast_window': 30, 'slow_window': 60}",0.7453746236458153,7.2980667499999985,13,1.0023361005367144,0.8932420000000052,-0.7139772846579103,1
cu,DoubleMa/CU,cu_continuous_adj15.SHFE,25,2021-06-09,2023-05-10,2023-05-10,2024-01-15,"{'fast_window': 30, 'slow_window': 60}",1.099874037677105,11.938122750000012,13,-0.9547667772608565,-1.1102035000000066,-1.616978291230598,3
cu,DoubleMa/CU,cu_continuous_adj15.SHFE,26,2022-02-14,2024-01-15,2024-01-15,2024-09-21,"{'fast_window': 20, 'slow_window': 60}",1.1016124535059357,10.021302249999998,11,0.3541760398522889,0.883020000000001,-2.493644589148857,1
cu,DoubleMa/CU,cu_continuous_adj15.SHFE,27,2022-10-22,2024-09-21,2024-09-21,2025-05-29,"{'fast_window': 20, 'slow_window': 40}",0.7923846609754982,6.993950999999998,23,-0.4398553788835614,-1.4923537499999973,-4.899079757193278,9
cu,DoubleMa/CU,cu_continuous_adj15.SHFE,28,2023-06-29,2025-05-29,2025-05-29,2026-02-03,"{'fast_window': 20, 'slow_window': 40}",0.506357310964397,5.018508250000009,25,1.8455025494682193,12.017988749999997,-4.605372950416327,1
